ID,Term,valence,arousal,continuance,dominance,frequency,typicality,C5_Modal,C5_Cluster1,C5_Cluster2,C5_Cluster3,C5_Cluster4,C5_Cluster5,C6_Modal,C6_Cluster1,C6_Cluster2,C6_Cluster3,C6_Cluster4,C6_Cluster5,C6_Cluster6,C7_Modal,C7_Cluster1,C7_Cluster2,C7_Cluster3,C7_Cluster4,C7_Cluster5,C7_Cluster6,C7_Cluster7
18,鬱悶,2.23,5.63,5.82,4.12,4.67,6.17,2,0,0.9833,0.0167,0,0,2,0,0.9841,0.0159,0,0,0,1,0.9986,0,0.0014,0,0,0,0
90,鬱卒,2.96,4.86,5.08,4.79,3.98,4.74,1,1,0,0,0,0,1,1,0,0,0,0,0,2,0,0.9999,0,0,0,0,0
111,驚嚇,3.18,6.91,3.34,3.92,3.62,5.75,2,0.0021,0.9979,0,0,0,2,0.0021,0.9979,0,0,0,0,1,0.9966,0.0034,0,0,0,0,0
48,驚駭,2.55,7.01,3.67,3.82,2.70,4.24,2,0,1,0,0,0,2,0,1,0,0,0,0,1,1,0,0,0,0,0,0
136,驚慌,3.37,6.57,3.70,4.46,3.53,4.17,2,0.0013,0.9968,0.0019,0,0,2,0.0013,0.9968,0.0019,0,0,0,1,0.9999,0.0001,0,0,0,0,0
193,驚喜,7.24,7.12,3.75,5.60,4.89,6.06,4,0,0,0,1,0,4,0,0,0,1,0,0,4,0,0,0,1,0,0,0
164,驚訝,5.26,6.59,3.15,5.00,4.51,5.68,4,0.0004,0,0,0.9996,0,4,0.0004,0,0,0.9996,0,0,4,0,0.0044,0,0.9956,0,0,0
105,驚恐,3.10,6.89,4.30,4.12,3.78,6.39,2,0.0814,0.9186,0,0,0,2,0.0816,0.9184,0,0,0,0,1,0.8965,0.1035,0,0,0,0,0
200,歡暢,7.36,6.34,5.13,5.88,5.17,5.43,4,0,0,0,0.9975,0.0025,4,0,0,0,0.9995,0.0005,0,4,0,0,0,0.9997,0,0.0003,0
207,歡愉,7.57,6.29,5.42,6.43,6.07,6.59,5,0,0,0,0.0009,0.9991,5,0,0,0,0.0001,0.9999,0,6,0,0,0,0,0,0.9998,0.0002
197,歡喜,7.27,6.22,5.72,6.28,6.12,7.04,5,0,0,0,0.0001,0.9999,5,0,0,0,0,0.9999,0.0001,6,0,0,0,0,0,0.9993,0.0007
205,歡悅,7.47,6.32,5.75,6.15,5.86,6.55,5,0,0,0,0,1,5,0,0,0,0,1,0,6,0,0,0,0,0,1,0
194,歡欣,7.25,6.65,5.64,6.52,6.12,6.16,5,0,0,0,0.0019,0.9981,5,0,0,0,0.0005,0.9995,0,6,0,0,0,0.0001,0,0.9968,0.0032
34,懼怕,2.43,6.70,4.70,3.55,3.69,5.94,2,0.0032,0.9968,0,0,0,2,0.0031,0.9969,0,0,0,0,1,0.9992,0.0008,0,0,0,0,0
33,躁鬱,2.42,6.54,4.30,4.66,3.25,3.92,2,0.0001,0.9871,0.0128,0,0,2,0.0001,0.9875,0.0125,0,0,0,1,0.9993,0,0.0006,0,0,0,0
129,躁急,3.31,6.62,3.54,4.59,4.44,4.31,2,0.3852,0.6141,0.0005,0.0002,0,2,0.3939,0.6054,0.0005,0.0003,0,0,1,0.9287,0.0712,0,0.0001,0,0,0
45,觸怒,2.52,7.26,3.44,4.59,3.44,3.51,2,0,1,0,0,0,2,0,1,0,0,0,0,1,1,0,0,0,0,0,0
79,難過,2.92,5.24,5.41,4.75,4.74,5.81,1,0.9988,0.0001,0.0005,0.0006,0,1,0.9988,0.0001,0.0005,0.0007,0,0,5,0,0.0016,0,0.0001,0.9983,0,0
172,懷念,5.95,5.16,6.64,5.76,6.02,6.53,5,0,0,0,0.0523,0.9477,6,0,0,0,0.0002,0,0.9998,7,0,0,0,0.0001,0,0,0.9999
181,嚮往,6.58,5.40,6.15,5.96,6.13,5.65,5,0,0,0,0.0692,0.9308,6,0,0,0,0.0017,0,0.9983,7,0,0,0,0.0027,0,0,0.9972
184,豁朗,6.87,5.52,4.95,6.16,5.07,5.08,4,0,0,0,0.9999,0.0001,4,0,0,0,1,0,0,4,0,0,0,1,0,0,0
104,膽戰心驚,3.10,6.72,4.28,3.88,3.34,5.43,2,0.0013,0.9986,0,0,0,2,0.0013,0.9986,0,0,0,0,1,0.9996,0.0004,0,0,0,0,0
102,膽怯,3.07,5.24,4.56,3.92,3.91,6.05,1,0.7757,0.2227,0.0016,0,0,1,0.7743,0.2242,0.0015,0,0,0,1,0.7753,0.1961,0,0,0.0287,0,0
153,尷尬,3.99,5.57,3.78,4.93,4.71,5.38,1,0.9606,0.0001,0.0003,0.0391,0,1,0.9567,0.0001,0.0003,0.0429,0,0,2,0.0012,0.7782,0,0.2206,0,0,0
60,激憤,2.69,7.38,4.36,4.28,3.43,5.12,2,0.0009,0.9991,0,0,0,2,0.0009,0.9991,0,0,0,0,1,0.9997,0.0003,0,0,0,0,0
137,擔憂,3.39,6.05,6.07,4.30,5.30,6.28,1,1,0,0,0,0,1,1,0,0,0,0,0,2,0,1,0,0,0,0,0
144,擔心,3.60,5.89,5.56,4.70,5.39,6.48,1,0.9999,0,0,0.0001,0,1,1,0,0,0,0,0,2,0,1,0,0,0,0,0
143,操心,3.60,6.20,6.07,4.35,5.42,6.36,1,0.9998,0,0,0.0002,0,1,0.9998,0,0,0.0002,0,0,2,0,0.996,0,0.0001,0.004,0,0
112,懊惱,3.19,5.46,5.12,4.81,4.60,4.92,1,0.9704,0.0005,0.029,0.0001,0,1,0.9712,0.0004,0.0281,0.0002,0,0,5,0.0002,0.0045,0.0003,0,0.9951,0,0
24,震怒,2.27,7.09,3.77,4.13,3.11,6.18,2,0,1,0,0,0,2,0,1,0,0,0,0,1,0.9999,0.0001,0,0,0,0,0
3,暴怒,1.69,7.79,3.40,3.77,2.89,6.34,2,0,1,0,0,0,2,0,1,0,0,0,0,1,1,0,0,0,0,0,0
65,敵視,2.75,6.16,5.24,5.85,3.48,4.57,2,0.0007,0.9952,0.0041,0,0,2,0.0007,0.9953,0.0039,0,0,0,1,0.9999,0.0001,0,0,0,0,0
92,憤慨,2.97,6.32,4.53,4.49,4.07,5.55,1,0.9886,0.0114,0,0,0,1,0.9889,0.0111,0,0,0,0,2,0.008,0.9919,0,0,0.0001,0,0
11,憤恨,2.08,6.96,4.28,4.75,2.51,3.47,2,0,0.9998,0.0002,0,0,2,0,0.9998,0.0002,0,0,0,1,1,0,0,0,0,0,0
25,憤怒,2.30,7.44,4.20,4.04,3.90,6.89,2,0.0091,0.9909,0,0,0,2,0.0089,0.9911,0,0,0,0,1,0.9713,0.0287,0,0,0,0,0
5,憎惡,1.85,6.61,5.31,4.34,3.08,5.53,2,0.0003,0.9997,0,0,0,2,0.0003,0.9997,0,0,0,0,1,0.9997,0.0003,0,0,0,0,0
2,憎恨,1.56,6.80,5.75,4.15,3.00,6.34,2,0.0001,0.9999,0,0,0,2,0.0001,0.9999,0,0,0,0,1,0.9994,0.0006,0,0,0,0,0
12,憂鬱,2.14,5.77,6.14,3.96,4.60,7.24,1,0.982,0.018,0,0,0,1,0.9819,0.0181,0,0,0,0,2,0.009,0.991,0,0,0,0,0
57,憂憤,2.67,5.92,4.34,4.39,2.94,3.32,2,0,0.9999,0.0001,0,0,2,0,0.9999,0.0001,0,0,0,1,1,0,0,0,0,0,0
123,憂慮,3.25,5.43,5.99,4.64,5.51,6.65,2,0.01,0.5992,0.3908,0,0,2,0.0102,0.6003,0.3895,0,0,0,1,0.9329,0.0004,0.0667,0,0,0,0
84,憂煩,2.93,4.96,5.24,4.90,4.08,4.45,2,0,1,0,0,0,2,0,1,0,0,0,0,1,1,0,0,0,0,0,0
55,憂愁,2.66,5.30,5.60,4.45,4.63,6.38,1,0.9931,0.0069,0,0,0,1,0.9931,0.0069,0,0,0,0,2,0.0165,0.9815,0,0,0.002,0,0
54,憂傷,2.66,5.45,5.55,4.20,4.38,7.01,1,0.9997,0.0003,0,0,0,1,0.9997,0.0003,0,0,0,0,2,0.002,0.9114,0,0,0.0866,0,0
103,憂惱,3.09,5.08,4.54,4.75,3.83,3.90,3,0.0006,0.001,0.9984,0,0,3,0.0006,0.001,0.9984,0,0,0,3,0.0038,0,0.9959,0,0.0003,0,0
101,憂悶,3.06,4.40,4.88,4.68,3.48,3.82,3,0,0.0001,0.9999,0,0,3,0,0.0001,0.9999,0,0,0,3,0.0003,0,0.9996,0,0.0001,0,0
116,憂心,3.23,5.05,5.22,5.06,4.70,4.75,1,0.916,0,0.0826,0.0014,0,1,0.9182,0,0.0802,0.0016,0,0,5,0,0.0003,0.0009,0.0001,0.9988,0,0
176,慶幸,6.24,5.21,3.97,5.84,5.09,5.18,4,0,0,0,1,0,4,0,0,0,1,0,0,4,0,0,0,1,0,0,0
62,酸楚,2.71,5.11,4.77,4.05,3.43,4.67,3,0.0036,0.1731,0.8233,0,0,3,0.0036,0.1768,0.8196,0,0,0,1,0.8764,0.0002,0.1139,0,0.0095,0,0
157,緊張,4.11,7.76,4.52,4.28,5.47,6.18,1,0.9815,0,0,0.0185,0,1,0.9799,0,0,0.0201,0,0,2,0,0.9993,0,0.0007,0,0,0
138,漠然,3.43,3.57,4.78,5.60,3.84,3.92,3,0.0001,0,0.9998,0.0001,0,3,0.0001,0,0.9998,0.0001,0,0,3,0,0,0.9997,0,0.0003,0,0
211,滿足,7.69,5.77,6.03,6.86,5.93,6.35,5,0,0,0,0.0021,0.9979,5,0,0,0,0.0037,0.9958,0.0005,6,0,0,0,0.0004,0,0.98,0.0196
206,暢快,7.49,6.28,4.95,6.40,5.92,6.04,5,0,0,0,0.0866,0.9134,5,0,0,0,0.0236,0.9764,0,6,0,0,0,0.0063,0,0.9928,0.0009
78,厭煩,2.92,5.75,5.18,5.20,4.76,5.31,1,0.9999,0,0,0,0,1,0.9999,0,0,0,0,0,5,0.0001,0.048,0,0,0.952,0,0
32,厭惡,2.41,6.23,5.18,4.52,4.02,6.67,1,0.7354,0.2646,0,0,0,1,0.7342,0.2658,0,0,0,0,2,0.2934,0.7048,0,0,0.0018,0,0
145,誠惶誠恐,3.61,5.47,4.93,4.77,3.50,4.16,3,0.0007,0.0015,0.9978,0,0,3,0.0007,0.0015,0.9978,0,0,0,3,0.0074,0,0.9903,0,0.0023,0,0
74,落寞,2.86,4.25,5.02,4.64,3.99,4.25,3,0.0031,0.0001,0.9968,0,0,3,0.0031,0.0001,0.9968,0,0,0,3,0.0008,0,0.9697,0,0.0294,0,0
73,煩躁,2.84,6.02,4.76,4.68,4.75,5.34,1,0.9978,0.0019,0.0003,0,0,1,0.9979,0.0018,0.0002,0,0,0,5,0.0091,0.4484,0,0.0001,0.5425,0,0
83,煩憂,2.93,5.58,5.90,4.28,4.96,5.82,2,0.328,0.672,0,0,0,2,0.3275,0.6725,0,0,0,0,1,0.8388,0.1506,0,0,0.0105,0,0
141,煩惱,3.56,5.29,5.29,5.27,5.63,5.83,1,0.9691,0,0,0.0309,0,1,0.9721,0,0,0.0279,0,0,5,0,0.013,0,0.0136,0.9733,0,0
115,煩悶,3.23,4.86,5.17,4.70,4.81,5.33,1,0.9978,0,0.002,0.0002,0,1,0.9979,0,0.0019,0.0002,0,0,5,0,0.0062,0,0,0.9938,0,0
128,煩心,3.31,5.20,5.14,5.09,5.14,5.48,1,0.9974,0,0.0001,0.0025,0,1,0.9972,0,0.0001,0.0027,0,0,5,0,0.0027,0,0.0004,0.9969,0,0
147,慌張,3.69,6.33,3.77,4.66,4.43,4.82,1,0.9504,0.0462,0.0018,0.0017,0,1,0.9523,0.0442,0.0017,0.0018,0,0,2,0.2336,0.7633,0.0001,0.0029,0,0,0
218,愛,8.16,6.78,7.23,6.33,6.03,6.57,5,0,0,0,0,1,5,0,0,0,0,1,0,6,0,0,0,0,0,0.9999,0
169,意欲,5.57,5.04,4.74,5.34,4.89,3.95,4,0,0,0,1,0,4,0,0,0,1,0,0,4,0,0,0.0044,0.9956,0,0,0
124,愁悶,3.26,4.84,5.37,4.76,4.63,5.20,1,0.9917,0,0.0081,0.0002,0,1,0.992,0,0.0078,0.0002,0,0,5,0,0.0035,0,0,0.9964,0,0
82,愁悵,2.93,4.71,5.24,4.67,3.20,3.81,1,0.9999,0.0001,0,0,0,1,0.9999,0.0001,0,0,0,0,2,0.0003,0.9826,0,0,0.0171,0,0
72,愁苦,2.84,5.12,5.55,4.48,3.91,5.21,1,0.8447,0.0404,0.115,0,0,1,0.8463,0.0409,0.1128,0,0,0,5,0.0376,0.0162,0.0005,0,0.9456,0,0
171,想要,5.80,5.86,5.73,6.11,6.50,5.79,5,0,0,0,0.0127,0.9873,6,0,0,0,0.002,0,0.998,7,0,0,0,0.0002,0,0,0.9998
173,想念,5.99,5.63,6.81,5.67,6.27,6.80,5,0,0,0,0.0011,0.9989,6,0,0,0,0,0,1,7,0,0,0,0,0,0,1
149,徬徨,3.78,4.75,4.82,4.79,4.42,4.51,3,0.1135,0,0.8859,0.0005,0,3,0.1148,0,0.8846,0.0006,0,0,3,0.0002,0.0014,0.9377,0.0002,0.0604,0,0
51,嫌憎,2.62,5.55,4.37,4.99,3.50,4.26,3,0.0012,0.0316,0.9672,0,0,3,0.0012,0.0318,0.967,0,0,0,3,0.1583,0,0.8415,0,0.0003,0,0
88,嫌隙,2.95,4.95,4.74,4.79,3.54,4.21,1,0.9967,0.0029,0.0004,0,0,1,0.9967,0.0029,0.0004,0,0,0,5,0.0068,0.1574,0,0,0.8359,0,0
44,嫌惡,2.52,5.82,5.02,4.97,4.26,6.06,1,0.9929,0.0069,0.0001,0,0,1,0.993,0.0069,0.0001,0,0,0,5,0.0281,0.2186,0,0,0.7533,0,0
70,嫌怨,2.80,5.25,4.68,4.75,3.64,3.98,2,0.0138,0.9862,0,0,0,2,0.0137,0.9863,0,0,0,0,1,0.9913,0.0087,0,0,0,0,0
76,嫉妒,2.90,5.89,4.53,5.01,3.99,5.10,1,0.7174,0.0797,0.2028,0,0,1,0.7203,0.0793,0.2004,0,0,0,5,0.3491,0.042,0.0085,0,0.6004,0,0
94,傷感,2.98,5.23,5.28,4.87,4.47,6.08,1,0.9744,0.0256,0,0,0,1,0.975,0.025,0,0,0,0,2,0.0223,0.9777,0,0,0,0,0
50,傷痛,2.58,5.96,5.60,4.34,3.25,4.37,2,0.0018,0.9495,0.0486,0,0,2,0.0018,0.9511,0.0471,0,0,0,1,0.9979,0.0001,0.0016,0,0.0005,0,0
75,傷心,2.89,6.11,5.57,4.43,4.38,6.88,1,0.9928,0.0072,0,0,0,1,0.9929,0.0071,0,0,0,0,2,0.0082,0.9906,0,0,0.0012,0,0
198,開懷,7.28,5.83,5.46,6.82,6.29,6.16,5,0,0,0,0.0022,0.9978,5,0,0,0,0.0035,0.995,0.0015,6,0,0,0,0.0002,0,0.944,0.0559
212,開心,7.73,6.43,5.95,6.47,6.45,7.37,5,0,0,0,0,1,5,0,0,0,0,1,0,6,0,0,0,0,0,1,0
175,著迷,6.12,6.07,5.84,5.30,5.18,5.89,4,0,0,0,0.9996,0.0004,4,0,0,0,0.9997,0,0.0003,4,0,0,0,0.993,0,0,0.007
146,著急,3.62,6.84,4.60,4.32,5.19,6.69,1,0.9999,0.0001,0,0.0001,0,1,0.9999,0.0001,0,0.0001,0,0,2,0,1,0,0,0,0,0
187,舒暢,7.01,5.54,5.37,6.25,5.59,5.69,4,0,0,0,0.7956,0.2044,4,0,0,0,0.9674,0.0073,0.0253,4,0,0,0,0.9098,0,0.01,0.0802
182,舒坦,6.64,4.92,5.52,6.36,5.39,5.54,4,0,0,0,0.9959,0.0041,4,0,0,0,0.9987,0,0.0013,4,0,0,0,0.9393,0,0,0.0607
1,絕望,1.42,5.83,5.12,4.29,2.55,4.12,2,0,0.9726,0.0274,0,0,2,0,0.9744,0.0256,0,0,0,1,0.9909,0,0.0091,0,0,0,0
121,發愁,3.24,5.20,5.15,4.67,4.74,5.58,1,0.9996,0.0001,0.0001,0.0001,0,1,0.9996,0.0001,0.0001,0.0001,0,0,5,0.0002,0.0235,0,0.0001,0.9763,0,0
8,痛惡,2.04,6.36,5.13,4.46,2.98,5.14,2,0.0002,0.9988,0.001,0,0,2,0.0002,0.9988,0.0009,0,0,0,1,0.9999,0.0001,0,0,0,0,0
20,痛苦,2.24,6.76,5.39,3.52,3.98,6.58,2,0.0348,0.9652,0,0,0,2,0.0341,0.9659,0,0,0,0,1,0.9811,0.0189,0,0,0,0,0
10,痛恨,2.07,7.03,5.33,4.62,3.21,5.70,2,0.0022,0.9978,0,0,0,2,0.0021,0.9979,0,0,0,0,1,0.9988,0.0012,0,0,0,0,0
186,痛快,6.96,6.61,4.11,5.53,5.04,5.88,4,0,0,0,1,0,4,0,0,0,1,0,0,4,0,0,0,1,0,0,0
31,痛心,2.37,6.55,4.90,4.09,3.17,4.07,2,0.0001,0.9999,0,0,0,2,0.0001,0.9999,0,0,0,0,1,1,0,0,0,0,0,0
93,焦躁,2.98,6.82,4.43,3.98,4.78,6.31,1,0.9998,0.0001,0,0,0,1,0.9998,0.0001,0,0,0,0,5,0.0002,0.0288,0,0,0.971,0,0
89,焦慮,2.96,6.24,5.89,4.10,5.30,6.45,3,0.0609,0.001,0.9381,0,0,3,0.061,0.001,0.938,0,0,0,5,0.0024,0.0003,0.1016,0,0.8957,0,0
130,焦急,3.32,6.79,4.82,4.25,4.76,6.04,1,0.9968,0.0032,0,0,0,1,0.9969,0.0031,0,0,0,0,2,0.0038,0.9958,0,0,0.0004,0,0
127,焦灼,3.28,5.93,4.51,4.15,3.45,4.16,1,0.9999,0.0001,0,0,0,1,0.9999,0.0001,0,0,0,0,2,0.0003,0.9837,0,0,0.0159,0,0
107,焦心,3.12,5.89,4.17,3.98,3.36,3.73,2,0.0001,0.9099,0.09,0,0,2,0.0001,0.9114,0.0886,0,0,0,1,0.9945,0,0.0055,0,0,0,0
150,無奈,3.92,3.74,4.47,5.57,5.23,5.49,4,0.0203,0,0,0.9797,0,4,0.0183,0,0,0.9817,0,0,4,0,0,0,0.9999,0.0001,0,0
177,期望,6.28,5.08,5.92,6.32,5.98,5.38,4,0,0,0,0.6107,0.3893,6,0,0,0,0.0568,0,0.9432,7,0,0,0,0.0103,0,0,0.9897
190,期待,7.21,6.40,6.55,6.35,6.74,6.80,5,0,0,0,0,1,5,0,0,0,0,1,0,6,0,0,0,0,0,0.9998,0.0002
163,期求,5.20,4.77,5.17,6.02,4.76,4.23,4,0,0,0,1,0,4,0,0,0,1,0,0,4,0,0,0,1,0,0,0
201,愉悅,7.42,6.40,6.11,6.47,6.66,7.54,5,0,0,0,0,1,5,0,0,0,0,1,0,6,0,0,0,0,0,1,0
199,愉快,7.34,6.44,6.22,6.35,6.63,7.68,5,0,0,0,0,1,5,0,0,0,0,1,0,6,0,0,0,0,0,1,0
135,惶惶,3.35,5.12,4.37,4.84,3.70,4.06,3,0.0006,0.0007,0.9987,0,0,3,0.0006,0.0007,0.9987,0,0,0,3,0.0028,0,0.9971,0,0.0001,0,0
134,惶惑,3.34,4.81,4.28,4.24,3.59,4.19,3,0.2127,0.3574,0.4299,0,0,3,0.2147,0.3571,0.4282,0,0,0,1,0.9418,0.0314,0.0261,0,0.0007,0,0
42,惱怒,2.49,7.11,4.29,4.19,3.66,5.55,2,0.004,0.996,0,0,0,2,0.004,0.996,0,0,0,0,1,0.9969,0.0031,0,0,0,0,0
35,惱火,2.44,6.60,4.15,4.30,3.63,5.27,2,0.0041,0.9959,0.0001,0,0,2,0.004,0.9959,0.0001,0,0,0,1,0.998,0.002,0,0,0,0,0
17,悲鬱,2.23,5.61,5.27,3.85,3.72,5.49,1,0.9952,0.0048,0,0,0,1,0.9952,0.0048,0,0,0,0,2,0.0084,0.9913,0,0,0.0003,0,0
29,悲憤,2.36,6.69,5.13,4.28,3.13,5.49,2,0.0008,0.9992,0,0,0,2,0.0008,0.9992,0,0,0,0,1,0.9996,0.0003,0,0,0,0,0
16,悲慟,2.23,5.99,4.88,4.04,2.68,3.45,2,0.0519,0.9459,0.0022,0,0,2,0.0505,0.9474,0.0021,0,0,0,1,0.9918,0.0065,0,0,0.0017,0,0
15,悲慘,2.22,5.42,4.41,4.62,2.69,3.74,2,0.0028,0.9972,0,0,0,2,0.0027,0.9973,0,0,0,0,1,0.9989,0.0011,0,0,0,0,0